credible_set_id	SNP	cs_coverage	locus_id	posterior_rank
CS1	11:30760335:T:C	1	chr11_locus7	1
CS2	11:30768678:T:C	1	chr11_locus7	1
CS1	15:76376608:T:G	1	chr15_locus8	1
CS2	15:76378262:A:G	1	chr15_locus8	1
CS1	17:59447984:A:G	1	chr17_locus8	1
CS2	17:59450105:T:C	1	chr17_locus8	1
CS3	17:59456589:T:C	1	chr17_locus8	1
CS4	17:59448945:A:G	1	chr17_locus8	1
CS5	17:59449082:T:C	1	chr17_locus8	1
CS6	17:59484316:A:G	1	chr17_locus8	1
CS7	17:59486799:A:G	1	chr17_locus8	1
CS8	17:59468942:A:G	1	chr17_locus8	1
CS9	17:59451325:T:C	1	chr17_locus8	1
CS10	17:59452289:A:G	1	chr17_locus8	1
CS1	18:77158397:T:C	1	chr18_locus5	1
CS2	18:77164243:A:G	1	chr18_locus5	1
CS3	18:77164056:A:G	1	chr18_locus5	1
CS4	18:77158225:A:G	1	chr18_locus5	1
CS5	18:77155419:T:C	1	chr18_locus5	1
CS6	18:77162462:A:G	1	chr18_locus5	1
CS7	18:77165089:T:C	1	chr18_locus5	1
CS8	18:77157846:T:C	1	chr18_locus5	1
CS1	2:73877219:A:G	1	chr2_locus11	1
CS2	2:73868328:A:G	1	chr2_locus11	1
CS3	2:73897144:A:G	1	chr2_locus11	1
CS4	2:73895765:A:G	1	chr2_locus11	1
CS5	2:73858965:T:C	1	chr2_locus11	1
CS1	2:211246287:A:C	1	chr2_locus27	1
CS2	2:211743374:T:C	1	chr2_locus27	1
CS3	2:211573559:A:G	1	chr2_locus27	1
CS4	2:211571933:A:G	1	chr2_locus27	1
CS1	2:27748624:A:G	1	chr2_locus5	1
CS2	2:27742603:T:C	1	chr2_locus5	1
CS3	2:27741237:T:C	1	chr2_locus5	1
CS4	2:27734972:A:G	1	chr2_locus5	1
CS5	2:27748597:A:C	1	chr2_locus5	1
CS6	2:27741105:A:G	1	chr2_locus5	1
CS7	2:27752871:T:C	1	chr2_locus5	1
CS8	2:27748904:A:G	1	chr2_locus5	1
CS1	5:176817143:T:G	1	chr5_locus11	1
CS2	5:176817636:A:G	1	chr5_locus11	1
CS3	5:176822512:T:G	1	chr5_locus11	1
CS4	5:176821449:A:C	1	chr5_locus11	1
CS1	6:43806335:T:C	1	chr6_locus7	1
CS2	6:43806609:A:G	1	chr6_locus7	1
CS1	7:1286912:T:C	1	chr7_locus0	1
CS2	7:1286244:A:G	1	chr7_locus0	1
CS1	7:151413194:T:C	1	chr7_locus19	1
CS2	7:151406788:A:G	1	chr7_locus19	1
CS3	7:151405818:T:C	1	chr7_locus19	1
CS4	7:151407801:A:G	1	chr7_locus19	1
CS5	7:151406220:A:G	1	chr7_locus19	1
CS6	7:151411494:T:G	1	chr7_locus19	1
CS1	8:23766319:A:G	1	chr8_locus2	1
CS2	8:23748420:T:C	1	chr8_locus2	1
CS3	8:23786784:A:C	1	chr8_locus2	1
CS4	8:23786072:A:C	1	chr8_locus2	1
CS5	8:23715871:T:C	1	chr8_locus2	1
CS6	8:23714992:A:G	1	chr8_locus2	1
CS7	8:23785018:A:G	1	chr8_locus2	1
CS8	8:23777006:A:G	1	chr8_locus2	1
CS1	9:71435693:A:G	1	chr9_locus2	1
CS2	9:71434707:A:C	1	chr9_locus2	1
CS3	9:71432174:A:G	1	chr9_locus2	1
CS4	9:71432477:A:G	1	chr9_locus2	1
CS5	9:71426328:T:C	1	chr9_locus2	1
CS6	9:71443540:A:G	1	chr9_locus2	1
